"Status","Start Time","Stop Time","Duration in ms","Parent Suite","Suite","Sub Suite","Test Class","Test Method","Name","Description"
"passed","Mon Feb 20 18:09:48 CST 2023","Mon Feb 20 18:09:48 CST 2023","0","","test_f1","","","","test_s3",""
"passed","Mon Feb 20 18:09:48 CST 2023","Mon Feb 20 18:09:48 CST 2023","0","","test_yield2","","","","test_s3",""
"broken","Mon Feb 20 18:09:48 CST 2023","Mon Feb 20 18:09:48 CST 2023","0","","test_yield2","","","","test_s1",""
"passed","Mon Feb 20 18:09:48 CST 2023","Mon Feb 20 18:09:48 CST 2023","1","","test_yield1","","","","test_s2",""
"passed","Mon Feb 20 18:09:48 CST 2023","Mon Feb 20 18:09:48 CST 2023","0","","test_yield1","","","","test_s3",""
"passed","Mon Feb 20 18:09:48 CST 2023","Mon Feb 20 18:09:48 CST 2023","0","","test_f1","","","","test_s2",""
"passed","Mon Feb 20 18:09:48 CST 2023","Mon Feb 20 18:09:48 CST 2023","1","","test_yield1","","","","test_s1",""
"passed","Mon Feb 20 18:09:48 CST 2023","Mon Feb 20 18:09:48 CST 2023","0","","test_yield2","","","","test_s2",""
"passed","Mon Feb 20 18:09:48 CST 2023","Mon Feb 20 18:09:48 CST 2023","0","","test_f1","","","","test_s1",""
